API,Num Example,Recall,Accuracy,Precision,F-measure
pandas.cut,31,0.9333333333333333,0.6451612903225806,0.5833333333333334,0.7179487179487181
pandas.get_dummies,46,0.7333333333333333,0.8043478260869565,0.6875,0.7096774193548386
