API,Num Example,Recall,Accuracy,Precision,F-measure
pandas.cut,31,0.8,0.6129032258064516,0.5714285714285714,0.6666666666666666
pandas.get_dummies,46,0.9333333333333333,0.8043478260869565,0.6363636363636364,0.7567567567567568
pandas.pivot,39,0.0,0.8974358974358975,1.0,0.0
pandas.pivot_table,47,1.0,0.8936170212765957,0.8076923076923077,0.8936170212765957
pandas.read_excel,36,0.9,0.8333333333333334,0.9,0.9
