API,Num Example,Recall,Accuracy,Precision,F-measure
numpy.apply_along_axis,33,0.5714285714285714,0.6060606060606061,0.5333333333333333,0.5517241379310344
numpy.diagonal,62,0.0,0.8870967741935484,0.0,1.0
numpy.gradient,24,0.8571428571428571,0.7916666666666666,0.6,0.7058823529411764
numpy.save,50,0.42857142857142855,0.74,0.25,0.3157894736842105
numpy.unique,37,0.5,0.7297297297297297,0.5,0.5
Overall,206,0.5365853658536586,0.7669902912621359,0.43137254901960786,0.47826086956521746
Average,,0.47142857142857136,0.7509107553301101,0.37666666666666665,0.6146791929112843
