API,Num Example,Recall,Accuracy,Precision,F-measure
pandas.cut,31,0.9333333333333333,0.5806451612903226,0.5384615384615384,0.6829268292682926
pandas.get_dummies,46,0.9333333333333333,0.7391304347826086,0.56,0.7000000000000001
pandas.pivot,39,0.75,0.6666666666666666,0.2,0.31578947368421056
pandas.pivot_table,49,0.9090909090909091,0.7959183673469388,0.7142857142857143,0.8
pandas.read_excel,36,0.8,0.75,0.8888888888888888,0.8421052631578948
