Repo,Correct,Total test,Precision,Correct,Total truth,Recall
CoreNLP,34,329,0.1033434650455927,34,193,0.17616580310880828
jBinary,8,37,0.21621621621621623,8,81,0.09876543209876543
json-java,2,4,0.5,2,12,0.16666666666666666
nltk,104,861,0.1207897793263647,104,490,0.21224489795918366
orjson,5,65,0.07692307692307693,5,49,0.10204081632653061
qunit,1,123,0.008130081300813009,1,96,0.010416666666666666
requests,91,191,0.47643979057591623,91,178,0.5112359550561798
