Repo,Correct,Total test,Precision,Correct,Total truth,Recall
CoreNLP,68,347,0.19596541786743515,68,112,0.6071428571428571
jBinary,13,45,0.28888888888888886,13,29,0.4482758620689655
json-java,8,13,0.6153846153846154,8,8,1.0
nltk,14,119,0.11764705882352941,14,66,0.21212121212121213
orjson,26,81,0.32098765432098764,26,29,0.896551724137931
qunit,3,121,0.024793388429752067,3,43,0.06976744186046512
requests,88,200,0.44,88,151,0.5827814569536424
